ID,value
0,556036.2316445421
1,244669.23145528877
2,411217.25750297675
3,1201418.457890207
4,1118479.1465879853
5,304903.3632410694
6,307088.84536429413
7,607241.1513834948
8,56303.739933665085
9,829645.6081924641
10,320787.5402371552
11,3130474.2134085917
12,186761.67749344977
13,626826.9239169485
14,2705725.6884784177
15,2001951.331711907
16,2238360.2066947552
17,451859.2066230895
18,561892.4479713966
19,787955.3756050353
20,1739689.9081915328
21,196734.19488564887
22,338098.0422136775
23,901628.4111539059
24,154714.06144668674
25,50357.25756451236
26,523236.0207641147
27,1534122.8864360906
28,2463573.67788064
29,877704.124677989
30,1165522.9241657162
31,310315.2396546675
32,214595.96881602713
33,247360.07875226787
34,838784.7139915716
35,4084179.207553226
36,5510204.392792349
37,524956.781107696
38,37849068.82994854
39,345221.4002318798
40,3309868.456972619
41,2675133.28750364
42,4916080.155839894
43,1029179.4973278244
44,689638.3943712125
45,795718.5994808457
46,545666.3116188616
47,145740.2839974457
48,901572.8587338803
49,11637831.375483904
50,1167997.356493609
51,907425.1360673994
52,338395.8308477666
53,1930139.4482487452
54,3769580.961004241
55,133957.18198760494
56,543013.8158987954
57,1115475.5700871726
58,6786480.792855608
59,9856060.780770745
60,522546.20200632385
61,882467.4014435706
62,804381.3684114607
63,957625.0214171014
64,1312870.2331513595
65,1325719.7926485636
66,1584174.798470456
67,3165395.2803469137
68,160722.64124127594
69,1797136.9949534985
70,4832586.542983006
71,823692.5992505453
72,1442895.975640064
73,1635962.866986871
74,5895562.587368812
75,1760936.143480986
76,597242.0161397122
77,851198.9062895405
78,47462.40000864072
79,1533082.7825288186
80,1025887.4352116808
81,660508.9038865367
82,1304639.55595258
83,252353.78571450268
84,431669.69931656116
85,210928.41818500753
86,202453.060332491
87,-68379.9670815552
88,671321.4748272051
89,569600.5962940836
90,1361834.508201669
91,781982.2644691544
92,664003.7863791065
93,35460.40835833107
94,1728831.0270257255
95,12992437.563017994
96,622543.5840217907
97,182308.02444204944
98,586434.4649265057
99,151157.84120995214
100,119273.91617969947
101,384293.4448437333
102,14295.23288249728
103,605354.6328343558
104,286966.45387368905
105,922280.7021983481
106,833916.4851320175
107,415822.50181656366
108,815448.6555620971
109,424547.32148813095
110,470142.16711378994
111,174493.6990037241
112,233755.7938132484
113,18690892.59547372
114,393697.53711137915
115,848391.9409253444
116,248950.4738730674
117,216369.84981428925
118,378942.4197596516
119,2855332.822046644
120,1446200.2580566548
121,3393669.7056293976
122,823110.1966253016
123,469004.4514171143
124,141691.5080855935
125,240424.34403065126
126,687599.7490403338
127,64155.12532418999
128,951865.1613901833
129,678331.8522390295
130,290884.66241863
131,616859.4940947343
132,-272012.4597773704
133,3774552.0208506403
134,2854864.6964762
135,621696.7073844709
136,11083.334353233193
137,2488730.3570940485
138,569845.0336082779
139,329078.7314139359
140,1031657.2074848893
141,1054693.141418581
142,158965.59146564506
143,2436689.647074042
144,911617.1074576033
145,249715.66078443124
146,2628391.5147017837
147,458426.24509931286
148,880500.2664787455
149,972525.2923521489
150,1124915.2007553307
151,1566787.5673913285
152,6876206.448260758
153,238227.48828833058
154,427628.1244784858
155,623506.2847154019
156,2266701.905299238
157,1514862.8717044417
158,738150.7545493628
159,1078254.6084352552
160,156029.5304062809
161,1544477.7907153042
162,1557766.4802910888
163,-13086.503824203508
164,262110.6681966118
165,3884091.911384864
166,82382.23572124804
167,274874.00834411336
168,1065564.4622180504
169,1179779.913464157
170,426664.5443113066
171,1660946.5907869195
172,870782.0049832698
173,736883.3102808081
174,520487.90486829815
175,599514.4181651953
176,7951813.630720417
177,1288467.814487303
178,263006.6306145233
179,1159657.1053427525
180,345261.49821536493
181,534572.7783053952
182,152760.76611160598
183,360756.0258563455
184,2553311.6328174565
185,494390.6083409591
186,1889199.724381969
187,917531.9245037646
188,432117.7599467364
189,150232.89004343236
190,790412.7884005647
191,1410849.8943649675
192,282422.5610978187
193,6455413.952420292
194,7562461.150636019
195,4945888.495882547
196,6441517.57524073
197,99286.93941344204
198,18286.325393476814
199,7137479.652770181
200,1522.8239953252096
201,12169670.95113173
202,925448.0115495699
203,67439.84064567831
204,2353966.581461988
205,1223895.5789723448
206,595460.7981998147
207,2069149.7530501212
208,42278510.972999066
209,7979579.526101619
210,849576.2489712439
211,223565.55710598765
212,5787384.611830965
213,227604.81322794338
214,407425.0635543421
215,3323908.539063266
216,250254.74773265247
217,52206.17250426626
218,2762593.9410891403
219,658788.5237372571
220,444963.9326550693
221,630940.4935885407
222,1233878.4024413752
223,384943.56969583314
224,858753.4127530472
225,2050088.3517387284
226,6863.4331466942385
227,-62036.44277941738
228,836272.6828073831
229,446606.4022551814
230,247591.34217110922
231,705362.2341030944
232,1617349.7304444169
233,486930.9611361219
234,397601.847588615
235,3081753.5121472552
236,3662092.9015884157
237,480077.4706064154
238,871251.6209804631
239,1222958.3316576434
240,1212766.5733644443
241,141266.30924807506
242,1407061.8408730095
243,546190.9040416803
244,1924492.9614323026
245,742746.6330653471
246,244593.00937651598
247,85337.32210463918
248,2262288.1835136833
249,245059.80434721673
250,281166.3037252524
251,915049.8793768112
252,204037.14820256177
253,14411136.600413281
254,258116.13768931443
255,9581523.426051408
256,370777.03188621637
257,544716.9149739781
258,-916001.4475325634
259,1083107.99433013
260,153426.86064895557
261,1972952.3128184376
262,84593.70620033296
263,1013910.1821109849
264,533835.174705498
265,3572814.0820070286
266,2014296.5719763623
267,796454.638160884
268,77321.89012690145
269,1331216.963500048
270,1081773.600862859
271,652629.9817206438
272,1016048.9883003454
273,367434.98188858223
274,323997.7872185305
275,4290988.894175578
276,2236521.246747852
277,680103.058379689
278,285902.20257294487
279,1196885.5734328532
280,1242965.386617162
281,568353.516061428
282,325766.7107678556
283,152930.41318701755
284,1565268.3635515643
285,1768216.0910939695
286,3701124.8882798273
287,2240131.109046404
288,2903152.0973713575
289,46600113.57958885
290,260362.21330663533
291,180596.5608077183
292,639934.5309005724
293,1141541.6112034323
294,29065.345360388514
295,7979758.680281843
296,15903446.967300715
297,280281.9896884556
298,356172.880200475
299,2620117.6655713543
300,1050700.5053458416
301,865696.0529667671
302,741688.7228672476
303,496890.9522693064
304,752161.016346121
305,4237051.5165992165
306,759091.5116914044
307,392639.9627121804
308,1475615.5631731933
309,1057490.9163691085
310,409601.830231519
311,741968.5194004225
312,677200.1981668044
313,883864.3533956027
314,429888.2107628828
315,3549032.66127457
316,1489685.0696879202
317,1311236.6992799086
318,3029510.4707883066
319,556809.9099922829
320,386063.5019953538
321,1277236.548993866
322,351700.29079791426
323,711925.5948204944
324,80018.14665373557
325,617679.8696640994
326,478486.52618897404
327,164435.43344844753
328,3521213.4921840886
329,1963885.204138552
330,202767.82105745812
331,2288625.2669709665
332,766533.5136666754
333,205063.32508640687
334,496819.8531646287
335,486535.45368909696
336,21896432.54634294
337,1015499.6414181245
338,1785479.2375518964
339,266158.0246212905
340,1398089.5226185934
341,616558.3590521481
342,1384718.0217881806
343,736003.1574698441
344,364330.120285672
345,366464.6311715989
346,2878697.4232113413
347,629822.0308004245
348,3514661.0305927894
349,68420.11681848043
350,139396.29798490633
351,881452.0000143524
352,746165.6111104132
353,1620779.8421437603
354,132179.92055992823
355,914642.7738610895
356,1289845.6809550272
357,1766872.6870817035
358,271543.53516393685
359,5059676.091953984
360,566876.5711037164
361,765722.8500727371
362,219817.3554689436
363,924487.9597518898
364,3236156.079481904
365,3625103.7842502985
366,154833.6126981815
367,394765.64822729304
368,602848.2318856446
369,619052.3824892945
370,579994.2776473919
371,478340.32540186646
372,1009801.2869254373
373,8979426.617934532
374,170523.98121001793
375,1189625.495269392
376,206919.42271951726
377,486607.5015932099
378,3432848.236973913
379,555996.1809526242
380,556826.6604500908
381,237665.3070924952
382,1766049.9495517355
383,144481.66180945985
384,1885306.9273181004
385,558203.030145049
386,200381.4947378001
387,686741.9965575305
388,739897.1084383724
389,855522.1842475109
390,1860920.266651457
391,1210495.2309153408
392,12820957.17600178
393,1232365.0946228718
394,604719.8292161666
395,590360.1356627857
396,121632.48031066763
397,143149.05249321464
398,381363.3563493951
399,364272.90293920494
400,405011.3243814933
401,251002.18331535207
402,-93358.67288876738
403,2024054.4498344169
404,386414.11222963646
405,884597.3135432659
406,1607018.4404707097
407,343251.3914356994
408,8300932.518250395
409,285263.43983225647
410,14652170.889087271
411,381830.0834580416
412,19707456.22998955
413,2209945.381819864
414,1157614.2589248575
415,2148217.7116564857
416,32230913.66366881
417,8612627.709087862
418,871593.8207321438
419,1080396.8896329706
420,744857.3599966955
421,3124889.904514089
422,-115127.25775839746
423,550311.243073896
424,117956.85136276015
425,1021508.7081840911
426,341237.3805046241
427,1262981.457513942
428,555488.4591660132
429,78067.74299513412
430,477188.57837296557
431,16284057.376123143
432,1063625.072601865
433,23779882.62458796
434,29366911.697477527
435,-288108.5037350018
436,2342538.147639567
437,737895.5685717841
438,846822.1544078962
439,-2760107.3084318815
440,925814.6482696045
441,1922734.9916605158
442,882622.8381334916
443,394893.77288589044
444,-131105.57045828723
445,737911.0261792281
446,2999314.7965863696
447,184271.2771469334
448,195345.99718510674
449,93347.43869912764
450,693200.3845787372
451,62207.01364807512
452,671536.5780449288
453,3211269.6135124816
454,622933.3667340497
455,2959852.5065654474
456,1890757.1658506626
457,1158970.285286215
458,147550.78478552122
459,1434527.8388727098
460,148049.53064970317
461,98247.9162550331
462,2493676.802322501
463,843613.4264562149
464,50007.31353878579
465,697815.0249603575
466,1442234.0095112508
467,296935.29710078833
468,838930.1748917332
469,1389461.8864484513
470,38139.24759416215
471,139480.92023694539
472,541104.9820462564
473,563098.5923068785
474,1752502.82061544
475,840134.5241132716
476,3730503.9952063737
477,699417.5292759083
478,779612.5965526858
479,384479.2254899943
480,927852.5386669901
481,3804568.8909845143
482,153950.61392291717
483,1712591.4692060854
484,991526.8084180926
485,166888.32244125914
486,2676155.912078456
487,2066494.9103651932
488,86284.64509177255
489,553314.8522674356
490,150825.63485241402
491,235523.00007435086
492,3101088.1030483297
493,109515.46202205375
494,312869.5737477286
495,285854.42559266544
496,454918.97089996387
497,267545.934335434
498,1691579.552235611
499,5333409.618837647
500,2024114.412616158
501,1832486.051217239
502,173151.96548050514
503,1498760.396112489
504,1042361.8402736047
505,5162176.357127417
506,254169.1838375241
507,102899.87539688431
508,37397292.384380355
509,17990559.78320349
510,1652836.805003476
511,766574.0725915034
512,1242682.6993508849
513,25104340.847056746
514,526852.0919160119
515,434036.3913621898
516,848752.2855596463
517,-183475.87275311904
518,1464141.101728009
519,998858.7200513397
520,732283.9072886412
521,-170068.15305618307
522,3034275.5427877908
523,612478.9098731285
524,-1463796.8813810449
525,732532.0725704381
526,370612.63795990794
527,1159839.833251634
528,3635115.8049860336
529,705622.1498724048
530,9981196.770061856
531,351930.88073078904
532,687721.9742767881
533,148620.46341861528
534,769396.6113044233
535,1608316.324271466
536,554672.7541523686
537,3359132.519063076
538,9369.859031167598
539,-7288.049055340351
540,1169441.0219145094
541,1046165.0783061107
542,189982.1117034028
543,278168.9588998712
544,326384.5020658583
545,377627.4805591636
546,923953.7453393516
547,1970664.3210455722
548,1082648.2197604538
549,657694.9339169511
550,288542.4839840648
551,323641.8976830073
552,1945351.1440768032
553,305121.0004830331
554,1011627.6774005459
555,10707307.524844125
556,759744.1617486789
557,733065.0345559313
558,11371053.225261042
559,1406440.2209768684
560,682163.0261995987
561,6185392.0700664595
562,399179.2760934722
563,12422313.391086608
564,35004947.911544114
565,2968735.0293336376
566,1113561.3844558753
567,1091566.1816710033
568,1476600.6153577063
569,7473045.45116536
570,773782.5586047354
571,876016.6658459968
572,-1092742.8160914474
573,-38112.91178963684
574,650761.3040334685
575,637409.6915836963
576,337062.8252918177
577,410764.1404673322
578,2422916.215421348
579,2361719.23103885
580,337287.45612828986
581,513156.6993667874
582,385030.80728226877
583,1306881.0294087483
584,14565825.544815155
585,467367.41674670344
586,939970.0060666983
587,652217.9776336664
588,797869.4151950434
589,3181156.1273820577
590,528110.8913684804
591,268465.4216815057
592,725368.9008477351
593,929056.3190462957
594,3149620.502631597
595,2443765.7149787564
596,262296.8047884747
597,427047.6250331998
598,617195.5186350958
599,498705.55649861624
600,108536.49764074016
601,409401.8653137939
602,405669.69769582944
603,479354.99826829194
604,765062.895974498
605,220966.03803919314
606,482919.44324075355
607,1494658.6854477373
608,777009.4405480903
609,2722945.1676655635
610,229070.63260569057
611,781315.9877649976
612,204228.82368665515
613,1202261.837607268
614,1160481.0886009103
615,1074143.0954793058
616,685283.2503823652
617,456467.6819576554
618,305642.83169128554
619,1393856.1066099603
620,1285254.707344792
621,-336088.21397243807
622,1727907.2088975543
623,13540797.017519908
624,2293439.5854877955
625,15960583.479007961
626,289762.39198474825
627,488886.0730912526
628,281646.2409488806
629,497081.3582408886
630,3198088.7562365266
631,1002929.6090456074
632,960477.2476690145
633,2831465.4470266206
634,389278.340597724
635,596797.873670483
636,392592.6658850558
637,11985526.803039083
638,42281.387100532185
639,605467.3739436208
640,590555.5137296821
641,375740.81436738156
642,527997.2952971564
643,242040.82397751205
644,288653.14086567546
645,425761.83688276453
646,40973.45297712351
647,6933945.840649741
648,2386255.5516760545
649,668023.6841326384
650,2642844.7505078777
651,13131699.142459568
652,2634202.2605276434
653,467044.8378059152
654,35180322.63522047
655,82831.46097027865
656,1984336.001217669
657,266896.7429485848
658,2832670.15245349
659,1272846.1164440329
660,110120.22451855178
661,2072787.1990152996
662,458380.158962985
663,8948496.836618403
664,4442991.655022515
665,698294.8864706183
666,91699.35188451898
667,2132648.6232064352
668,171768.705068779
669,870311.4651796098
670,115951.85811899177
671,2282791.74334292
672,65660220.42290659
673,-133760.13077824202
674,633856.4251358776
675,2075362.1848411518
676,141861.88816639915
677,522112.1284844979
678,1437697.1996606297
679,105966.94911007823
680,348754.8927648639
681,1236839.6576027598
682,2277059.6822347697
683,167619.12495593145
684,881560.0367788126
685,1014463.7584625238
686,1235955.925766272
687,602836.2767101021
688,306262.9509120487
689,157968.80232611965
690,658376.6449046186
691,68107.71523201012
692,520564.61670028296
693,3126061.635496039
694,616097.038683936
695,140019.663332658
696,412227.498544774
697,92525.55810481182
698,-1200260.715560764
699,1008661.891201724
700,1620307.095225466
701,746837.371310492
702,2251660.2384789083
703,1078501.839051225
704,4507158.061344743
705,682697.8596462253
706,1166883.4944689297
707,680564.9442987957
708,2767544.8511335556
709,1141243.5128718016
710,-76880.12969859705
711,25175.2261411433
712,846327.3874729669
713,-1781523.1696777884
714,1061648.3932264443
715,845596.0625496283
716,843200.2166351608
717,14896621.051471148
718,713722.8033711091
719,856601.4649858645
720,107499.83986973326
721,593628.3163491588
722,580801.2372026532
723,1357025.2216056907
724,695843.2951289295
725,706696.7526470553
726,2012444.1755769379
727,302829.4183724868
728,1728120.284575347
729,891567.474091862
730,10810368.760533946
731,1198934.6961839013
732,1045400.0617494651
733,2395274.465110207
734,-356061.3668361883
735,768455.4137240726
736,567583.1167127884
737,2927189.945797877
738,853094.3626128767
739,316388.25110417
740,1467130.3981937228
741,1387372.5901588234
742,701387.7241705025
743,-852792.363037551
744,1610321.00260332
745,219237.8613375458
746,1019822.1202552752
747,691325.7665289056
748,3042662.018601762
749,2141957.279596029
750,1106031.2106452314
751,1000077.1850697072
752,3153294.5209891545
753,218348.9949116946
754,172740.25016032218
755,638524.1669466177
756,655903.1681425807
757,1149105.5842165733
758,520954.1766439518
759,275265.34485007194
760,2699735.7256737845
761,3664850.2190678776
762,5271210.524827656
763,1329610.2766239168
764,936211.9188555179
765,578820.251583763
766,351932.51873005414
767,642467.8899931933
768,652776.8067083
769,301148.21233643853
770,574299.7272050537
771,9184779.57423016
772,33699980.70380736
773,828072.7986982425
774,1475142.279076643
775,573410.3652743546
776,-36636.25852188312
777,129686.92830670785
778,34475.20867689104
779,453522.63672207115
780,955063.3284979821
781,236024.78377505782
782,9562.782856440259
783,1484435.4184445192
784,737758.0724829416
785,2134563.5011241785
786,353427.7411450832
787,328574.66426716995
788,198079.89920400555
789,1596348.8080089244
790,619224.6766176869
791,1771810.8978524315
792,243325.233858882
793,8997500.940671455
794,671650.0798625232
795,3317451.231652478
796,412080.2196211851
797,1140090.3571886548
798,907244.3080420094
799,-1824658.3001591635
800,-605307.1564379679
801,665305.1573880061
802,734100.7150656641
803,1737278.6654938897
804,188465.72253421182
805,438851.8803658348
806,561724.152865467
807,811334.2723985175
808,260373.06291639063
809,389970.8441060244
810,305766.6632600735
811,75691.07447473652
812,3898214.790248453
813,488209.6245344078
814,887103.1697270664
815,651902.9663288391
816,1061648.6830807594
817,53454.45557674824
818,296234.0321364099
819,836516.3142426081
820,747836.7651492795
821,912867.3906706121
822,219101.39559037646
823,647076.2425445915
824,1056072.5707406688
825,1856929.5976215976
826,764865.9847248371
827,2532654.204812775
828,1175835.9155190377
829,134590.92461847726
830,580643.4455629503
831,121047.0979455668
832,741202.1758500477
833,-294293.4647182883
834,1126224.5458092876
835,694266.7507915165
836,401678.60702394694
837,11486.25104752677
838,991398.0685464737
839,-55856.109800352664
840,1398401.9837477235
841,14738166.07126877
842,6890883.116769662
843,360012.23182563856
844,1018808.7115117412
845,148247.0154850275
846,592060.1546385114
847,4017973.1168480213
848,3892989.528743012
849,405404.28448431636
850,2455550.0607314776
851,533440.30378345
852,2767333.2367817317
853,3086083.417294914
854,231117.79342608666
855,4888347.388220737
856,1002895.5542436475
857,221012.7498132122
858,1167282.2894544443
859,619999.0296090471
860,3547299.1825174103
861,740158.5738992011
862,2062885.3452983382
863,608332.9703448956
864,443464.8943611852
865,1641261.3925483462
866,55388102.17208593
867,-221432.95732275475
868,709651.0327987403
869,3145433.4614226995
870,517467.51937849214
871,8136481.316993973
872,484545.01116049854
873,188063.21563265863
874,907916.2686995587
875,4106961.818308912
876,1275769.3215608133
877,595938.5871531467
878,1662882.8171698
879,1367779.3328887546
880,496941.10538548674
881,972871.9922474655
882,989886.2631059362
883,212502.94543443059
884,116474.86615557087
885,18703.80933912599
886,1756900.652120976
887,571810.9744417319
888,449487.1156552224
889,4121646.1845847275
890,699050.3591964736
891,41156081.80275475
892,626178.8322286342
893,2180066.8282889747
894,310133.7677788672
895,196037.519848497
896,601523.0465189323
897,207356.85086019084
898,781074.0341518446
899,1605172.8176396366
900,1019958.3013719125
901,124704.783987756
902,449304.1820234737
903,903079.5188691213
904,126062.02804238853
905,1115103.7694902623
906,1365484.8650624491
907,1678786.885434345
908,994882.9266695166
909,143561.00066767854
910,628423.7803335225
911,540106.2708983705
912,2834225.067280189
913,372970.13030396187
914,812488.4073232126
915,2675417.9586474565
916,726413.1486114943
917,2936315.9137193747
918,1962140.9715919693
919,1713345.4412193396
920,669529.5374523731
921,23603921.663540855
922,471115.7152265581
923,8639804.113817897
924,2068908.710754457
925,-744637.1607295142
926,14497.351462648177
927,-1063275.4390396744
928,121832.02503062254
929,953565.5072642113
930,6079157.575141328
931,2477488.9304598295
932,705800.6658827349
933,118893.52395506122
934,67685.6259044052
935,821092.5475281338
936,-155519.7138450579
937,557872.7804043785
938,164188.65656740085
939,408055.7186556406
940,883872.6330551466
941,1390563.669176614
942,391638.0796462317
943,2749607.2405854994
944,201622.202096474
945,503202.6118056499
946,4598312.236721182
947,525794.716833068
948,44437283.90925648
949,622390.5271415915
950,343285.2637208569
951,2012424.052680507
952,3635120.5097969263
953,479779.69635808055
954,-46488.84465014754
955,666113.9230627099
956,586870.5771020212
957,593530.6088914085
958,541744.0425012534
959,301253.22213703865
960,537962.4553610708
961,139257.17445038655
962,5849832.628776628
963,1938785.4298553092
964,1074515.7790996225
965,3029578.317343796
966,727676.6932430778
967,648523.5206190242
968,824463.4416689463
969,853583.4790788137
970,2157077.614523155
971,1118539.9715300384
972,1536377.5445075259
973,6236622.686547106
974,1833867.531768132
975,633630.1455895267
976,-68452.87654706494
977,40567.47722827969
978,439112.52237467084
979,549213.829381097
980,240381.1743094438
981,1016277.5384138771
982,896544.8870274932
983,756295.2049998029
984,789334.5388949551
985,328219.91783813474
986,3699038.150380923
987,710786.5066813912
988,159344.32591388735
989,1234952.8102913534
990,1161501.7919488954
991,217408.19077757117
992,858480.8718983011
993,778487.0054982613
994,82179.38690857236
995,815420.6215431001
996,203784.56897074764
997,1678291.0372653739
998,2744302.8104336397
999,205020.34562919824
1000,3064844.0159129584
1001,29272457.647071443
1002,920049.8097462032
1003,-77874.30010467365
1004,278352.51901601034
1005,761181.3411853135
1006,216084.25653586243
1007,3292376.1480872016
1008,3112723.8327495335
1009,811371.047788811
1010,20209673.83747491
1011,1134838.4331353195
1012,198606.1919364882
1013,1160319.8635319688
1014,3233051.6685958942
1015,478444.04677201144
1016,416307.59867829166
1017,392225.74199609464
1018,235729.18413805997
1019,3494659.442767079
1020,674033.7593392574
1021,1763041.1157889196
1022,1017924.3169612557
1023,706059.0616406042
1024,3390582.475259538
1025,495817.4648923868
1026,714475.5128473875
1027,774477.5332323698
1028,1613274.1532490542
1029,921492.5605720121
1030,11646447.880521337
1031,775858.8777722167
1032,2086757.5446604881
1033,15722474.534258714
1034,1583424.6946079307
1035,9246517.81176421
1036,214417.11439522763
1037,450960.83348414896
1038,226850.5799213705
1039,562836.5210614286
1040,958906.104398965
1041,11559131.333288696
1042,-70753.75447195383
1043,425341.24884811486
1044,143797.0186063018
1045,32491.22293754116
1046,92143964.0493339
1047,1296246.844134388
1048,827049.2970474226
1049,454318.88703500933
1050,792933.276347786
1051,797330.0806039311
1052,2120392.6398711205
1053,769247.1076188898
1054,872930.3711780893
1055,506250.82433291385
1056,107748.69509252899
1057,893086.8547994024
1058,300548.5289284442
1059,1037863.8058233571
1060,615608.4538091812
1061,6000281.897738088
1062,1438164.8027201346
1063,538254.1242984915
1064,760430.9144223497
1065,543820.3161255525
1066,1209780.2165881013
1067,1188595.8727445384
1068,2893040.617929919
1069,913836.8049180005
1070,116154.18810812067
1071,1117863.3564383052
1072,801616.0006762496
1073,93465.98383402423
1074,764503.192533206
1075,116992.76302664024
1076,233655.6966819023
1077,399694.77091282234
1078,1245949.641245125
1079,1985245.020158712
1080,2216274.646468682
1081,96495.54207261582
1082,61520.88863631127
1083,-33262.231544386595
1084,244693.90153817937
1085,496378.4518438143
1086,1531950.4316499238
1087,4677026.980072692
1088,335557.399568138
1089,2494276.093825779
1090,38647.00715539145
1091,473241.68207021017
1092,472693.5325982783
1093,13620934.189263098
1094,146994.18955616176
1095,1005302.6946002591
1096,95486.84690075846
1097,413228.1469872902
1098,667323.7268654577
1099,627557.8021319354
1100,804719.6049094709
1101,21973781.10770166
1102,421953.2519554705
1103,69091.02316431169
1104,6620573.536242202
1105,792979.0935102089
1106,1664830.3471876327
1107,173147.067034389
1108,208435.5618671707
1109,2779218.52618564
1110,107336.44499301724
1111,525484.9648386526
1112,1314597.386524528
1113,105179.20205061452
1114,754775.5830483399
1115,190953.38574708204
1116,1936879.6160820408
1117,298090.43378677906
1118,650334.466321194
1119,732214.3934614396
1120,1552991.5552042301
1121,501790.8327103922
1122,220966.53293078928
1123,754524.9655924758
1124,435153.0541238395
1125,674757.9036861814
1126,26497152.793391522
1127,115464.04033843405
1128,15581565.112497253
1129,1685967.2342396367
1130,6417326.859676525
1131,609754.4858649403
1132,262152.4085378771
1133,1502485.7869179929
1134,637177.8563518312
1135,1123934.0613929636
1136,-111538.87665539412
1137,580949.5366996703
1138,264017.500781646
1139,125044.5400197804
1140,2020335.112861279
1141,23931327.337957904
1142,6523836.703846228
1143,2907056.221070961
1144,1309357.9323381237
1145,5705579.729428535
1146,681084.9470057623
1147,2751378.526723413
1148,1311610.7486109133
1149,746005.3552733549
1150,145884.0432155675
1151,566100.0638164106
1152,662110.0635096492
1153,5274863.465584479
1154,615391.2830346317
1155,954959.0783462918
1156,701479.7334360628
1157,11370859.029495187
1158,154576.0508706488
1159,2649440.6164680882
1160,4776041.728674642
1161,1035032.300651784
1162,748072.4149437054
1163,5187960.996132729
1164,435821.35605218145
1165,349723.8817492519
1166,398291.1649539503
1167,192758.74846276856
1168,178689.52962642134
1169,2487253.960246514
1170,881292.8012162454
1171,4381601.5370902335
1172,304995.9084924462
1173,597331.3251681078
1174,590713.9254005773
1175,9823386.03899905
1176,295306.07919153303
1177,1672865.6213330482
1178,98371.11143700697
1179,952446.5041483906
1180,506569.3002959739
1181,245035.65655526583
1182,3784539.028289851
1183,15292310.686317567
1184,561845.7084442086
1185,634819.6253710613
1186,679429.5770581849
1187,433587.2879476637
1188,1289901.9098528298
1189,717128.3598731672
1190,4291383.472719984
1191,2533867.2574661695
1192,1805855.782140603
1193,752271.446088266
1194,565848.8459991356
1195,3282605.4942650036
1196,654779.8179888175
1197,1396397.592372998
1198,269957.31229881884
1199,484143.31726376433
1200,815307.0919060893
1201,815434.5492383648
1202,1071339.6852420354
1203,26186188.44677716
1204,306066.9267391382
1205,1081192.4535405918
1206,3006099.67821375
1207,1303689.2994138552
1208,906481.782510652
1209,484382.20341504243
1210,353503.2578994243
1211,368914.93963365507
1212,17888556.104377784
1213,20015025.256082125
1214,178320.90604783164
1215,851732.2029547312
1216,-31863.78254162822
1217,1098993.556891339
1218,303663.4199281515
1219,3265502.2779908497
1220,83301677.45994109
1221,2791768.8666196316
1222,7939665.637554854
1223,2104688.3196960883
1224,425089.1572338438
1225,1582567.5557185735
1226,1089059.6710039848
1227,13843568.321540881
1228,-29567.142731485885
1229,813415.1680934859
1230,785760.1045280263
1231,1597566.5182104814
1232,939390.8654998416
1233,188781.14799600403
1234,143737.03880401194
1235,519778.1491203944
1236,6229436.521216388
1237,571467.4992993156
1238,-42400.07684854847
1239,67950817.95982723
1240,539328.9893691763
1241,192349.372545388
1242,2516463.5188432923
1243,709419.3048934819
1244,12922466.771543523
1245,274455.6370722777
1246,1181257.5028712281
1247,95406.46747869067
1248,-99939.52240717976
1249,214041.2058624738
1250,120189.65342243492
1251,238717.7160514471
1252,108551.74066479213
1253,162908.23884221687
1254,131991.24172512948
1255,1639274.4646786046
1256,7178420.730849588
1257,7895418.516407103
1258,38752.71907281861
1259,441211.5633112263
1260,1281126.2480754317
1261,7614665.955982693
1262,207858.46273508348
1263,1335783.334298147
1264,-1655248.76360775
1265,6088.656109980846
1266,1515409.8800149364
1267,343318.9054788852
1268,340987.92740541557
1269,593028.4505905
1270,654882.1512380544
1271,1468345.6069140024
1272,614154.2247800844
1273,461662.754863888
1274,739270.8050799209
1275,272153.3409067939
1276,1577208.2469886933
1277,938296.362834818
1278,114793.11079932834
1279,1157898.4658662616
1280,1024319.0066808402
1281,2732854.4605146362
1282,168285.92493405924
1283,1051084.1328939302
1284,809410.3911786808
1285,1021521.4383940889
1286,564228.0021043402
1287,3644070.6882813526
1288,677392.520772622
1289,693083.8173660735
1290,320091.60424327326
1291,1205644.6453235548
1292,839930.6923868726
1293,839803.7362949064
1294,36114522.39356124
1295,951632.7206896429
1296,614896.394846179
1297,480780.96085447096
1298,109429.06280198833
1299,1308444.5637708611
1300,593426.7458300174
1301,904078.3275245115
1302,636410.8243705502
1303,351904.24690681114
1304,2137973.00836404
1305,40962.78638917257
1306,1621222.9294443545
1307,1008918.7746118724
1308,652962.1363567999
1309,803359.1695995169
1310,2446462.4780231467
1311,16090611.921579234
1312,21925851.359761007
1313,204532.05551760137
1314,3350169.0836282843
1315,51652.87220773506
1316,2200743.7820316697
1317,1097960.1832835064
1318,768002.0636593946
1319,689293.9460812003
1320,1348978.0895020382
1321,531460.8422289442
1322,226535.40576756353
1323,3844469.409350716
1324,6916719.420468728
1325,466934.2355461763
1326,1599791.498143645
1327,467088.9806263441
1328,-208860.00088550136
1329,487001.5152784338
1330,751903.9992418214
1331,3515487.0243849214
1332,84328.51718630601
1333,242010.1086441169
1334,596645.0680388755
1335,166398.49217310888
1336,332188.5108889844
1337,218172.3436765063
1338,33701740.88654011
1339,1353772.2154789777
1340,92849.8283150699
1341,257201.75494306063
1342,1489227.5704343424
1343,376431.3520723828
1344,5627307.335961624
1345,481394.95851497416
1346,48515.42076133378
1347,1122232.329278915
1348,2573539.374733393
1349,4618827.0834066775
1350,1923360.0569068035
1351,1175415.6729310888
1352,2309617.3457644517
1353,8391.107980226749
1354,554813.3348146463
1355,943714.3575449388
1356,1038761.8969975964
1357,308209.0266768351
1358,532439.4287936268
1359,1383078.7996051554
1360,1384127.0802794874
1361,475369.9817767398
1362,1101951.1409867017
1363,118706.12907083333
1364,173137.2402236727
1365,1220376.0348458276
1366,689016.744364907
1367,429347.5715581027
1368,4230925.464430294
1369,1770552.7657422444
1370,57956389.69109205
1371,483963.21433081623
1372,1243769.8895707575
1373,847365.3507417035
1374,1536921.4653021633
1375,1081981.0314131312
1376,1151374.6496881666
1377,982879.3921328292
1378,9302847.713281795
1379,1418286.5198327522
1380,82968.51356802884
1381,1045782.98705208
1382,142552.07072644006
1383,964657.7674966254
1384,1156526.078508642
1385,9887227.316505797
1386,1500143.6986708487
1387,355638.65667364537
1388,25845925.976288326
1389,4236254.252116172
1390,287098.47797147965
1391,3849281.4548299927
1392,236302.05469678825
1393,688905.600193045
1394,835864.990079015
1395,5476154.032047988
1396,213384.01558411657
1397,1294869.2631211106
1398,3938993.200873505
1399,562967.9180436968
1400,1261967.5266369455
1401,1273382.2518866963
1402,1268791.456545673
1403,478724.39641545305
1404,1292673.5239651953
1405,1007169.2733234843
1406,436206.1426683381
1407,385997.5441316573
1408,62319599.0795812
1409,207500.35661330892
1410,59550.396763011464
1411,508940.0602232557
1412,92197.8517778283
1413,134353.5169856606
1414,1449153.215885093
1415,1023733.5827805889
1416,-1605995.5921807943
1417,1061888.395486183
1418,834765.8954248552
1419,600925.0870102576
1420,3562318.3170441925
1421,480934.3534868563
1422,1066364.9752033493
1423,5133520.908304849
1424,782059.1627976012
1425,59067980.40687793
1426,-309937.9932373557
1427,1015878.134028727
1428,15904477.495703379
1429,638621.4633994076
1430,259052.96768759715
1431,2305424.382276508
1432,296589.97638586885
1433,549360.291387513
1434,72773.12133180535
1435,58266.638033475494
1436,17659605.28409603
1437,206269.78365101834
1438,452389.4827415392
1439,20064831.566749793
1440,276997.28990794613
1441,944864.514379276
1442,976086.9161803182
1443,278372.09313757555
1444,1803836.2691395937
1445,48269.76859350683
1446,9477782.170843298
1447,318200.0302495938
1448,4501048.308023191
1449,685396.2502706713
1450,487570.19294770225
1451,622718.1818691576
1452,114116.94305044945
1453,741979.8275979209
1454,60037.11330252822
1455,865234.6223317767
1456,1156994.772967239
1457,1159117.3898431584
1458,-4367904.956483152
1459,2016819.674113595
1460,1844772.3796457974
1461,812705.3486969767
1462,537982.3790382887
1463,455978.676888754
1464,651517.419486653
1465,15399342.937555403
1466,8423237.769234108
1467,134515.4484977766
1468,926965.955583247
1469,665868.7383883526
1470,1235305.9634506484
1471,759731.9185199451
1472,1424495.1135128608
1473,7587551.679977705
1474,1784318.024724853
1475,97876.44650907932
1476,202917.6204001668
1477,800580.3469986266
1478,11439982.249580825
1479,93555.56037755107
1480,261824.06557650445
1481,1600226.8939384005
1482,199218.506810445
1483,5818897.502117773
1484,521946.064767264
1485,109297.68134677171
1486,692706.311124238
1487,-2206410.924752778
1488,2377668.850457205
1489,484135.07094329613
1490,1554002.5072149634
1491,6524674.867822298
1492,111257.33928170524
1493,5145084.02697542
1494,685363.6608620805
1495,747342.9645695804
1496,22759524.788002044
1497,-167700.81237853426
1498,58775.05470450595
1499,204410.4643966413
1500,309652.28434359864
1501,345467.6884827551
1502,5743891.563430569
1503,1140968.2133909403
1504,1313923.3100255523
1505,253855.72758500034
1506,378898.83298899786
1507,120206.27302541712
1508,293045.4773146218
1509,1008023.688922
1510,888769.1630431248
1511,733284.9836758168
1512,1201458.1544066148
1513,1079912.456514122
1514,666863.6451630683
1515,30126677.171843547
1516,117974.90554023652
1517,134977.1124917368
1518,3277111.5067271013
1519,-4014905.06205488
1520,738602.6280741353
1521,582826.8988577259
1522,629590.9618275858
1523,1424274.2115430085
1524,383260.54943741637
1525,124362.60029148101
1526,180903.09188566165
1527,2874039.3405639604
1528,271801.55779266334
1529,228582.5918121248
1530,20479906.40277836
1531,114100.66596553102
1532,557641.640098544
1533,18312646.5046879
1534,141748.7519219215
1535,933781.4133384416
1536,4882459.226079567
1537,516120.25842091674
1538,824031.0419214487
1539,446873.2712095072
1540,2924038.021912989
1541,16376809.994095951
1542,1105709.6830562425
1543,186213.07742044306
1544,722947.8812425521
1545,1537170.9795183623
1546,1621440.991531548
1547,117633.94980571722
1548,3397327.9674619567
1549,328009.03212619
1550,1338698.5690875147
1551,447883.68537227553
1552,680840.5872681991
1553,635132.5021913889
1554,1942422.0481169238
1555,1524067.338188103
1556,1738097.3099300242
1557,373777.5845294591
1558,1050829.9390802365
1559,964357.5369173187
1560,1344381.9890555604
1561,1008410.7596491367
1562,1129955.3343943001
1563,538517.3053229098
1564,991968.429674754
1565,5071920.517947949
1566,217822.35079439034
1567,833135.5236879752
1568,639767.7340738085
1569,942805.5739258431
1570,237847.02698859584
1571,18611412.23422214
1572,6426823.158345224
1573,74466.99011600035
1574,729974.1184906563
1575,338571.43164466624
1576,1545518.5378020655
1577,13533039.209638977
1578,5582189.755457434
1579,346731.6160389043
1580,1803080.3829768659
1581,847093.4784273643
1582,623244.0508780769
1583,323230.7936371919
1584,162694.23864598895
1585,122618.46218390192
1586,139593.1087263648
1587,562753.531224773
1588,754686.2311736377
1589,3435720.390865818
1590,169646.56461372005
1591,511210.08471487847
1592,285535.78838665487
1593,1385378.0295594223
1594,1013226.2239326697
1595,394475.5255979935
1596,764294.8597514846
1597,386058.2941796307
1598,1105201.8229507182
1599,2664115.071268089
1600,227073.10157541343
1601,3944431.244964053
1602,719990.5205218028
1603,742737.17037114
1604,130166.740746747
1605,853581.1830713877
1606,1688588.4867364913
1607,752497.1026392594
1608,223634.1863494254
1609,747790.9272597013
1610,63637.44253319764
1611,1085004.4436089983
1612,7236152.984585404
1613,264552.83759001154
1614,1406906.3979270975
1615,3220359.3020439227
1616,899987.2517020465
1617,8032828.822480599
1618,-3621574.263286957
1619,651883.6728309859
1620,420787.0834625823
1621,603523.1726916507
1622,358498.7760486534
1623,704432.051344799
1624,203699.9445928824
1625,199877.17254830606
1626,566926.9232695425
1627,572214.7405087088
1628,1055086.6245490261
1629,118745.81829739372
1630,349814.8431439731
1631,1106587.2811224654
1632,524607.9386366003
1633,6598719.714129886
1634,704402.1932536853
1635,510466.5643416621
1636,1015230.5816298126
1637,5575990.152383392
1638,175185.34019019816
1639,556904.2377916963
1640,1309047.4828367794
1641,883793.9498652769
1642,779177.836047365
1643,8996582.896924658
1644,1534325.7999333255
1645,681629.2966240441
1646,297265.2648660288
1647,758892.9942652665
1648,505635.65138782864
1649,1864960.968569137
1650,2114890.2808121582
1651,322237.57111788145
1652,976954.5947053509
1653,4692769.825942462
1654,10709070.040727595
1655,610374.2707374713
1656,800819.1462839885
1657,36899810.94935366
1658,837478.597301713
1659,4921715.947667976
1660,1628076.650034924
1661,2989897.659775474
1662,10375706.33226889
1663,302520.3177654634
1664,99538.14252861985
1665,660326.3817951826
1666,887068.2619808391
1667,24311854.99726997
1668,155715.48863645713
1669,284529.5000652302
1670,203571.23959850793
1671,810871.378933661
1672,373190.29795679357
1673,1158819.1772946606
1674,98264.79829808575
1675,-350554.4603640748
1676,576093.5348804088
1677,3296826.430064591
1678,754223.4689633033
1679,643974.772097957
1680,43769659.3155607
1681,817458.600346391
1682,2110388.9654955957
1683,278208.0832630034
1684,420054.15431319905
1685,789300.9221097066
1686,428296.0926482075
1687,580369.8313696042
1688,362246.20469978044
1689,300777.33158766746
1690,1104624.3371091816
1691,347236.349551665
1692,137257.68424433318
1693,500745.40347909357
1694,115664.20401050715
1695,983294.6978549304
1696,407780.2723738504
1697,-5186.503904712901
1698,749577.6897328814
1699,2698354.035272918
1700,15075.12864977105
1701,814718.6226496181
1702,207354.57727592473
1703,32122855.024959587
1704,1225816.607473186
1705,707568.2918003995
1706,7662346.618218536
1707,322352.07400932314
1708,797454.0036901861
1709,811679.7296062792
1710,619965.7382025184
1711,747492.1319108675
1712,10445101.462710155
1713,829755.8253279317
1714,568997.2622110728
1715,736704.0811101783
1716,2254481.0199139398
1717,403925.41563113366
1718,931560.0054220401
1719,693811.9342463724
1720,1071788.8972800984
1721,84511.77062461982
1722,905584.6252878648
1723,14627215.594563901
1724,5992879.239459605
1725,59032828.060351826
1726,416213.26703085727
1727,63790.43775352302
1728,59161.85676413925
1729,313520.97556782374
1730,513314.8548914805
1731,259947.0497017834
1732,13922558.997922985
1733,4747354.014418699
1734,358008.1319901803
1735,72948.74397528065
1736,408020.5522478216
1737,186609.07327657728
1738,634552.3788389319
1739,1532000.8473896098
1740,1312305.822711689
1741,847798.9866640448
1742,1306433.3788744295
1743,673014.1880117597
1744,2344637.2881331085
1745,229216.1633644685
1746,866256.7582050967
1747,2075642.2873983565
1748,844345.520334366
1749,390059.9358843571
1750,192761.41306815762
1751,1674513.4054332317
1752,214483.23443121393
1753,123362.91053522547
1754,1639720.8152045072
1755,538278.2242947337
1756,882106.5168858833
1757,798326.6876890457
1758,1751128.4436957785
1759,509686.46596144006
1760,14200273.56462902
1761,743336.1059151774
1762,782044.7409012069
1763,2439928.4944934086
1764,1068822.883210096
1765,975917.3648111816
1766,399305.1672433695
1767,479780.85808343755
1768,604491.9242764611
1769,127410.12969208648
1770,1830978.6245749053
1771,-542524.2599687955
1772,1665353.4909421648
1773,3674131.1916655973
1774,9482242.084015375
1775,5867368.22569116
1776,406391.6722052217
1777,709890.3385286775
1778,427186.6504179117
1779,134211.10800983885
1780,3484532.773983653
1781,6645846.315236091
1782,629496.7929037393
1783,753015.1275193779
1784,870903.0196628997
1785,9869505.753802205
1786,94826.13689799781
1787,811817.5220030169
1788,840061.2969746809
1789,339805.376072644
1790,787299.687386543
1791,894671.7022530349
1792,829223.2984230592
1793,2458709.0387406293
1794,1308633.8558801466
1795,605246.8275158639
1796,5104892.475076045
1797,7504859.037013078
1798,656315.2093962368
1799,4255611.727245672
1800,413607.9593954344
1801,76578.32639586266
1802,964412.4093701477
1803,828.8932067335118
1804,203063.8345338425
1805,371757.13856925804
1806,423763.627231624
1807,266709.6580878239
1808,747209.9762256043
1809,848751.5185846126
1810,2932377.087895844
1811,-33423.27696731388
1812,1194126.4565395047
1813,52972.706766391784
1814,2552656.7818518337
1815,65950879.32164308
1816,596918.0018220914
1817,-32916.78933176805
1818,14952814.288111398
1819,322463.25251510704
1820,-39359.42654958492
1821,858808.4652297187
1822,1098289.0378382292
1823,627179.7639987064
1824,930415.8797243013
1825,100643.41368649158
1826,13435323.78994283
1827,1495639.5999011463
1828,72484.6085395539
1829,1005768.0277431787
1830,1004756.3607655577
1831,128012.4547899455
1832,273157.4891847746
1833,814327.8301875878
1834,478004.0273544467
1835,4376068.671492312
1836,2496334.6764126807
1837,1871064.3976351388
1838,7289767.453469234
1839,220775.23852474891
1840,439871.83750033093
1841,412221.67473326635
1842,45501.40274224107
1843,1016209.2845342294
1844,1337813.067082172
1845,95833.31907158036
1846,91746.69493551072
1847,574687.7014902756
1848,1208983.212056237
1849,37755434.915226884
1850,7926296.528962697
1851,752997.7508954802
1852,713028.3293813048
1853,1394289.4029350535
1854,481906.702264236
1855,1580090.464493704
1856,393233.9428849481
1857,221843.0417574462
1858,394987.3033520889
1859,425582.10297250905
1860,655637.663989732
1861,674923.7373088814
1862,673495.4502399252
1863,-89622.58668726508
1864,202394.8865120582
1865,41882.20267859672
1866,874384.91989349
1867,463650.5198458751
1868,11309478.993465327
1869,344336.7961292429
1870,37950.11509066462
1871,142600.94040828693
1872,1022704.0857640482
1873,893483.8731128871
1874,254051.81575241854
1875,354514.92729259515
1876,707228.2053959888
1877,215327.29135925393
1878,42809.38515552326
1879,1292617.8926538778
1880,213078.85217023594
1881,1250789.426196647
1882,500659.7355171101
1883,597650.963799546
1884,306013.2975228813
1885,470668.50890920847
1886,158715.65892205026
1887,2902173.202202182
1888,1934267.820012796
1889,288441.429576591
1890,1153690.0502664268
1891,426117.9801161805
1892,1313151.867648956
1893,302585.88687482686
1894,3484267.0824417616
1895,240197.26942773373
1896,1716568.0238202664
1897,1065523.1776052138
1898,597940.8186447611
1899,820214.2999413724
1900,467265.67555528117
1901,50350.268567440566
1902,417717.8012759346
1903,872607.5945800322
1904,-1723022.3537046663
1905,1226212.7410755425
1906,323113.2941034714
1907,13752832.617509807
1908,2486250.0733692413
1909,607127.1095452876
1910,4021369.2761212005
1911,34504.40762579604
1912,2168772.229187796
1913,1775088.2429050987
1914,476972.0175039804
1915,2171970.1895331265
1916,492571.3274013661
1917,884958.1734028291
1918,2015668.9979275097
1919,804839.0096566186
1920,239119.6377684272
1921,1306059.209860236
1922,975236.86397135
1923,695349.4846771257
1924,167597.77029759495
1925,699739.0405791677
1926,656031.9223641391
1927,230728.1964369234
1928,304833.1853154613
1929,1089141.7831683666
1930,298647.8741192064
1931,213696.1121640105
1932,1046554.36207561
1933,243166.72327901504
1934,609561.8911144484
1935,631710.8241561393
1936,621494.0876238747
1937,617085.97605385
1938,156849.70548453485
1939,1042159.1788400834
1940,1432565.4962136715
1941,724082.1815596069
1942,14569244.81522983
1943,237788.61325188552
1944,1827167.945985457
1945,675825.3609705584
1946,760821.7072408593
1947,-311073.6930451361
1948,996046.5240443677
1949,738815.0440046024
1950,667663.8998666668
1951,688911.6880624105
1952,1282799.448803762
1953,3388462.6366129383
1954,40707.7732417825
1955,888613.1634222773
1956,118803.06747985602
1957,2444640.5119095477
1958,183213.21470763607
1959,184033.71778517828
1960,25191.25070848374
1961,199371.3388652169
1962,1580484.9186644896
1963,2968132.018356051
1964,238805.69964471104
1965,1313799.8923967318
1966,55366.524433144456
1967,136664.16628462926
1968,1509333.9260558658
1969,734699.8012282574
1970,316647.2934999591
1971,6898.269151460205
1972,937755.2940842662
1973,194394.82478832372
1974,2750524.33165414
1975,488851.2225010369
1976,1655900.9512638305
1977,695903.3032096133
1978,1759590.7585860365
1979,11432884.959888829
1980,1544756.8347100953
1981,299585.5354883738
1982,349985.526659763
1983,183453.87055941572
1984,903791.7623100986
1985,814203.0214808098
1986,785858.3476841463
1987,167739.71217103305
1988,728146.7109536338
